product_id,product_name,date,stock_level
1,Potatoes,2025-10-09,65
1,Potatoes,2025-10-10,89
1,Potatoes,2025-10-12,100
1,Potatoes,2025-10-14,137
1,Potatoes,2025-10-15,156
1,Potatoes,2025-10-16,186
1,Potatoes,2025-10-17,160
1,Potatoes,2025-10-19,216
1,Potatoes,2025-10-20,130
1,Potatoes,2025-10-22,77
1,Potatoes,2025-10-23,231
1,Potatoes,2025-10-24,258
1,Potatoes,2025-10-25,126
1,Potatoes,2025-10-27,160
1,Potatoes,2025-10-28,162
1,Potatoes,2025-10-30,150
1,Potatoes,2025-10-31,186
1,Potatoes,2025-11-01,239
1,Potatoes,2025-11-03,216
1,Potatoes,2025-11-04,190
1,Potatoes,2025-11-05,142
1,Potatoes,2025-11-08,161
1,Potatoes,2025-11-09,210
1,Potatoes,2025-11-13,117
1,Potatoes,2025-11-15,271
1,Potatoes,2025-11-16,186
1,Potatoes,2025-11-17,184
1,Potatoes,2025-11-18,152
1,Potatoes,2025-11-21,138
1,Potatoes,2025-11-23,184
1,Potatoes,2025-11-24,152
1,Potatoes,2025-11-26,234
1,Potatoes,2025-11-27,257
1,Potatoes,2025-11-28,122
1,Potatoes,2025-11-30,201
1,Potatoes,2025-12-02,281
1,Potatoes,2025-12-03,284
1,Potatoes,2025-12-05,213
1,Potatoes,2025-12-06,214
1,Potatoes,2025-12-07,96
1,Potatoes,2025-12-09,116
1,Potatoes,2025-12-10,194
1,Potatoes,2025-12-12,195
1,Potatoes,2025-12-13,258
1,Potatoes,2025-12-16,87
1,Potatoes,2025-12-19,193
1,Potatoes,2025-12-20,221
1,Potatoes,2025-12-21,141
1,Potatoes,2025-12-22,203
1,Potatoes,2025-12-23,266
1,Potatoes,2025-12-24,159
1,Potatoes,2025-12-25,272
1,Potatoes,2025-12-26,191
1,Potatoes,2025-12-27,260
1,Potatoes,2025-12-28,184
1,Potatoes,2025-12-29,297
1,Potatoes,2025-12-31,209
1,Potatoes,2026-01-01,208
1,Potatoes,2026-01-03,85
1,Potatoes,2026-01-04,215
1,Potatoes,2026-01-05,76
2,Carrots,2025-10-08,179
2,Carrots,2025-10-10,180
2,Carrots,2025-10-11,234
2,Carrots,2025-10-13,176
2,Carrots,2025-10-14,164
2,Carrots,2025-10-15,297
2,Carrots,2025-10-17,260
2,Carrots,2025-10-18,278
2,Carrots,2025-10-19,206
2,Carrots,2025-10-20,140
2,Carrots,2025-10-21,105
2,Carrots,2025-10-22,224
2,Carrots,2025-10-23,223
2,Carrots,2025-10-24,137
2,Carrots,2025-10-25,131
2,Carrots,2025-10-28,258
2,Carrots,2025-10-30,223
2,Carrots,2025-10-31,202
2,Carrots,2025-11-01,230
2,Carrots,2025-11-02,92
2,Carrots,2025-11-06,296
2,Carrots,2025-11-07,97
2,Carrots,2025-11-08,297
2,Carrots,2025-11-09,159
2,Carrots,2025-11-10,128
2,Carrots,2025-11-11,249
2,Carrots,2025-11-12,122
2,Carrots,2025-11-14,139
2,Carrots,2025-11-15,149
2,Carrots,2025-11-16,148
2,Carrots,2025-11-17,96
2,Carrots,2025-11-18,167
2,Carrots,2025-11-19,126
2,Carrots,2025-11-21,167
2,Carrots,2025-11-22,103
2,Carrots,2025-11-23,234
2,Carrots,2025-11-24,139
2,Carrots,2025-11-25,220
2,Carrots,2025-11-26,223
2,Carrots,2025-11-27,154
2,Carrots,2025-11-29,209
2,Carrots,2025-12-01,188
2,Carrots,2025-12-02,169
2,Carrots,2025-12-03,250
2,Carrots,2025-12-05,282
2,Carrots,2025-12-06,156
2,Carrots,2025-12-07,144
2,Carrots,2025-12-08,178
2,Carrots,2025-12-09,288
2,Carrots,2025-12-10,191
2,Carrots,2025-12-11,300
2,Carrots,2025-12-12,183
2,Carrots,2025-12-15,144
2,Carrots,2025-12-17,169
2,Carrots,2025-12-18,164
2,Carrots,2025-12-19,260
2,Carrots,2025-12-20,211
2,Carrots,2025-12-21,251
2,Carrots,2025-12-22,168
2,Carrots,2025-12-23,165
2,Carrots,2025-12-24,190
2,Carrots,2025-12-25,272
2,Carrots,2025-12-27,200
2,Carrots,2025-12-30,292
2,Carrots,2025-12-31,152
2,Carrots,2026-01-01,172
2,Carrots,2026-01-02,201
2,Carrots,2026-01-03,182
2,Carrots,2026-01-04,117
2,Carrots,2026-01-06,191
3,Spinach,2025-10-08,140
3,Spinach,2025-10-09,271
3,Spinach,2025-10-10,143
3,Spinach,2025-10-11,80
3,Spinach,2025-10-12,220
3,Spinach,2025-10-13,66
3,Spinach,2025-10-15,156
3,Spinach,2025-10-16,142
3,Spinach,2025-10-17,246
3,Spinach,2025-10-18,272
3,Spinach,2025-10-19,239
3,Spinach,2025-10-20,192
3,Spinach,2025-10-22,53
3,Spinach,2025-10-24,149
3,Spinach,2025-10-25,181
3,Spinach,2025-10-27,99
3,Spinach,2025-10-28,138
3,Spinach,2025-10-29,68
3,Spinach,2025-10-30,257
3,Spinach,2025-10-31,145
3,Spinach,2025-11-01,188
3,Spinach,2025-11-02,104
3,Spinach,2025-11-03,256
3,Spinach,2025-11-04,155
3,Spinach,2025-11-05,166
3,Spinach,2025-11-06,225
3,Spinach,2025-11-07,242
3,Spinach,2025-11-08,94
3,Spinach,2025-11-09,196
3,Spinach,2025-11-10,252
3,Spinach,2025-11-11,108
3,Spinach,2025-11-16,156
3,Spinach,2025-11-18,89
3,Spinach,2025-11-19,192
3,Spinach,2025-11-20,273
3,Spinach,2025-11-22,237
3,Spinach,2025-11-24,142
3,Spinach,2025-11-27,209
3,Spinach,2025-11-29,267
3,Spinach,2025-11-30,191
3,Spinach,2025-12-01,155
3,Spinach,2025-12-02,214
3,Spinach,2025-12-03,200
3,Spinach,2025-12-05,201
3,Spinach,2025-12-06,128
3,Spinach,2025-12-07,150
3,Spinach,2025-12-11,64
3,Spinach,2025-12-12,176
3,Spinach,2025-12-13,141
3,Spinach,2025-12-14,139
3,Spinach,2025-12-15,126
3,Spinach,2025-12-17,119
3,Spinach,2025-12-19,86
3,Spinach,2025-12-20,150
3,Spinach,2025-12-22,160
3,Spinach,2025-12-23,261
3,Spinach,2025-12-24,199
3,Spinach,2025-12-26,198
3,Spinach,2025-12-28,176
3,Spinach,2025-12-29,195
3,Spinach,2025-12-31,212
3,Spinach,2026-01-01,176
3,Spinach,2026-01-02,176
3,Spinach,2026-01-05,180
3,Spinach,2026-01-06,150
4,Tomatoes,2025-10-09,253
4,Tomatoes,2025-10-10,200
4,Tomatoes,2025-10-14,154
4,Tomatoes,2025-10-15,228
4,Tomatoes,2025-10-16,154
4,Tomatoes,2025-10-17,282
4,Tomatoes,2025-10-18,218
4,Tomatoes,2025-10-21,59
4,Tomatoes,2025-10-22,197
4,Tomatoes,2025-10-23,135
4,Tomatoes,2025-10-24,196
4,Tomatoes,2025-10-26,274
4,Tomatoes,2025-10-27,237
4,Tomatoes,2025-10-28,127
4,Tomatoes,2025-10-29,210
4,Tomatoes,2025-10-30,242
4,Tomatoes,2025-10-31,254
4,Tomatoes,2025-11-01,145
4,Tomatoes,2025-11-04,181
4,Tomatoes,2025-11-05,140
4,Tomatoes,2025-11-06,151
4,Tomatoes,2025-11-07,151
4,Tomatoes,2025-11-08,86
4,Tomatoes,2025-11-09,209
4,Tomatoes,2025-11-10,128
4,Tomatoes,2025-11-12,84
4,Tomatoes,2025-11-13,180
4,Tomatoes,2025-11-14,65
4,Tomatoes,2025-11-15,244
4,Tomatoes,2025-11-16,285
4,Tomatoes,2025-11-17,138
4,Tomatoes,2025-11-18,200
4,Tomatoes,2025-11-19,132
4,Tomatoes,2025-11-20,90
4,Tomatoes,2025-11-21,127
4,Tomatoes,2025-11-22,181
4,Tomatoes,2025-11-24,202
4,Tomatoes,2025-11-25,83
4,Tomatoes,2025-11-26,61
4,Tomatoes,2025-11-27,115
4,Tomatoes,2025-11-28,251
4,Tomatoes,2025-11-29,124
4,Tomatoes,2025-12-03,79
4,Tomatoes,2025-12-04,190
4,Tomatoes,2025-12-06,163
4,Tomatoes,2025-12-07,199
4,Tomatoes,2025-12-11,286
4,Tomatoes,2025-12-14,156
4,Tomatoes,2025-12-15,175
4,Tomatoes,2025-12-16,177
4,Tomatoes,2025-12-17,158
4,Tomatoes,2025-12-18,219
4,Tomatoes,2025-12-19,105
4,Tomatoes,2025-12-20,137
4,Tomatoes,2025-12-22,223
4,Tomatoes,2025-12-24,216
4,Tomatoes,2025-12-25,158
4,Tomatoes,2025-12-26,112
4,Tomatoes,2025-12-27,218
4,Tomatoes,2025-12-30,213
4,Tomatoes,2025-12-31,233
4,Tomatoes,2026-01-01,137
4,Tomatoes,2026-01-02,153
4,Tomatoes,2026-01-05,134
5,Lettuce,2025-10-08,161
5,Lettuce,2025-10-11,266
5,Lettuce,2025-10-12,54
5,Lettuce,2025-10-13,299
5,Lettuce,2025-10-14,74
5,Lettuce,2025-10-15,168
5,Lettuce,2025-10-16,184
5,Lettuce,2025-10-17,99
5,Lettuce,2025-10-18,211
5,Lettuce,2025-10-19,292
5,Lettuce,2025-10-21,278
5,Lettuce,2025-10-22,145
5,Lettuce,2025-10-23,195
5,Lettuce,2025-10-24,155
5,Lettuce,2025-10-25,234
5,Lettuce,2025-10-26,194
5,Lettuce,2025-10-27,116
5,Lettuce,2025-10-28,269
5,Lettuce,2025-10-29,161
5,Lettuce,2025-10-30,54
5,Lettuce,2025-10-31,218
5,Lettuce,2025-11-01,192
5,Lettuce,2025-11-02,102
5,Lettuce,2025-11-03,184
5,Lettuce,2025-11-04,210
5,Lettuce,2025-11-05,122
5,Lettuce,2025-11-06,204
5,Lettuce,2025-11-07,203
5,Lettuce,2025-11-08,177
5,Lettuce,2025-11-09,66
5,Lettuce,2025-11-10,177
5,Lettuce,2025-11-11,197
5,Lettuce,2025-11-12,150
5,Lettuce,2025-11-13,140
5,Lettuce,2025-11-14,83
5,Lettuce,2025-11-15,105
5,Lettuce,2025-11-18,124
5,Lettuce,2025-11-19,141
5,Lettuce,2025-11-20,172
5,Lettuce,2025-11-21,144
5,Lettuce,2025-11-22,134
5,Lettuce,2025-11-23,215
5,Lettuce,2025-11-24,202
5,Lettuce,2025-11-25,146
5,Lettuce,2025-11-26,172
5,Lettuce,2025-11-27,133
5,Lettuce,2025-11-29,170
5,Lettuce,2025-11-30,187
5,Lettuce,2025-12-01,96
5,Lettuce,2025-12-02,156
5,Lettuce,2025-12-03,148
5,Lettuce,2025-12-06,175
5,Lettuce,2025-12-07,155
5,Lettuce,2025-12-08,128
5,Lettuce,2025-12-09,156
5,Lettuce,2025-12-11,244
5,Lettuce,2025-12-13,224
5,Lettuce,2025-12-14,257
5,Lettuce,2025-12-16,182
5,Lettuce,2025-12-17,230
5,Lettuce,2025-12-18,169
5,Lettuce,2025-12-19,156
5,Lettuce,2025-12-20,102
5,Lettuce,2025-12-21,165
5,Lettuce,2025-12-22,160
5,Lettuce,2025-12-23,192
5,Lettuce,2025-12-24,253
5,Lettuce,2025-12-26,204
5,Lettuce,2025-12-27,191
5,Lettuce,2025-12-28,132
5,Lettuce,2025-12-29,178
5,Lettuce,2025-12-31,186
5,Lettuce,2026-01-01,141
5,Lettuce,2026-01-02,123
5,Lettuce,2026-01-03,165
5,Lettuce,2026-01-04,141
5,Lettuce,2026-01-05,258
5,Lettuce,2026-01-06,119
6,Broccoli,2025-10-08,173
6,Broccoli,2025-10-10,280
6,Broccoli,2025-10-11,232
6,Broccoli,2025-10-13,181
6,Broccoli,2025-10-14,130
6,Broccoli,2025-10-15,107
6,Broccoli,2025-10-16,172
6,Broccoli,2025-10-17,131
6,Broccoli,2025-10-18,133
6,Broccoli,2025-10-19,51
6,Broccoli,2025-10-20,113
6,Broccoli,2025-10-21,104
6,Broccoli,2025-10-22,154
6,Broccoli,2025-10-23,192
6,Broccoli,2025-10-24,184
6,Broccoli,2025-10-25,186
6,Broccoli,2025-10-26,256
6,Broccoli,2025-10-27,137
6,Broccoli,2025-10-28,215
6,Broccoli,2025-10-29,300
6,Broccoli,2025-10-30,86
6,Broccoli,2025-11-01,114
6,Broccoli,2025-11-02,160
6,Broccoli,2025-11-03,194
6,Broccoli,2025-11-06,234
6,Broccoli,2025-11-07,104
6,Broccoli,2025-11-08,130
6,Broccoli,2025-11-10,158
6,Broccoli,2025-11-14,164
6,Broccoli,2025-11-15,124
6,Broccoli,2025-11-16,122
6,Broccoli,2025-11-17,200
6,Broccoli,2025-11-19,213
6,Broccoli,2025-11-20,223
6,Broccoli,2025-11-21,209
6,Broccoli,2025-11-22,118
6,Broccoli,2025-11-23,109
6,Broccoli,2025-11-24,271
6,Broccoli,2025-11-25,133
6,Broccoli,2025-11-26,133
6,Broccoli,2025-11-27,223
6,Broccoli,2025-11-28,145
6,Broccoli,2025-11-29,195
6,Broccoli,2025-11-30,208
6,Broccoli,2025-12-01,133
6,Broccoli,2025-12-02,237
6,Broccoli,2025-12-03,242
6,Broccoli,2025-12-05,144
6,Broccoli,2025-12-06,266
6,Broccoli,2025-12-07,131
6,Broccoli,2025-12-08,163
6,Broccoli,2025-12-09,129
6,Broccoli,2025-12-10,108
6,Broccoli,2025-12-13,226
6,Broccoli,2025-12-14,139
6,Broccoli,2025-12-15,174
6,Broccoli,2025-12-16,132
6,Broccoli,2025-12-17,232
6,Broccoli,2025-12-18,131
6,Broccoli,2025-12-19,272
6,Broccoli,2025-12-20,299
6,Broccoli,2025-12-22,172
6,Broccoli,2025-12-23,96
6,Broccoli,2025-12-24,228
6,Broccoli,2025-12-25,152
6,Broccoli,2025-12-26,168
6,Broccoli,2025-12-27,210
6,Broccoli,2025-12-28,117
6,Broccoli,2025-12-30,161
6,Broccoli,2025-12-31,192
6,Broccoli,2026-01-01,168
6,Broccoli,2026-01-02,217
6,Broccoli,2026-01-03,137
6,Broccoli,2026-01-04,93
6,Broccoli,2026-01-05,172
6,Broccoli,2026-01-06,189
